{
  "1": 0.7261064785118666,
  "2": 0.5841836734693877,
  "3": 0.7819114817190507,
  "4": 0.9052496798975672,
  "5": 0.6993865030674846,
  "6": 0.769917144678139,
  "7": 0.7514413837283792,
  "8": 0.3569553805774278,
  "9": 0.4312856238125396,
  "10": 0.7413467589679044,
  "11": 0.8373879641485276,
  "12": 0.5892744479495268,
  "13": 0.7031446540880503,
  "14": 0.8455931080185554,
  "15": 0.8898036732108929
}