{
  "1": {
    "zero_shot_acc": 0.7145606157793457,
    "finetuned_acc": 0.7042976266837716
  },
  "2": {
    "zero_shot_acc": 0.6434948979591837,
    "finetuned_acc": 0.6492346938775511
  },
  "3": {
    "zero_shot_acc": 0.6703014753046825,
    "finetuned_acc": 0.7876844130853111
  },
  "4": {
    "zero_shot_acc": 0.5352112676056338,
    "finetuned_acc": 0.6530089628681178
  },
  "5": {
    "zero_shot_acc": 0.4950920245398773,
    "finetuned_acc": 0.549079754601227
  },
  "6": {
    "zero_shot_acc": 0.4110898661567878,
    "finetuned_acc": 0.6347992351816444
  },
  "7": {
    "zero_shot_acc": 0.7354260089686099,
    "finetuned_acc": 0.8417680973734786
  },
  "8": {
    "zero_shot_acc": 0.34711286089238846,
    "finetuned_acc": 0.3753280839895013
  },
  "9": {
    "zero_shot_acc": 0.2305256491450285,
    "finetuned_acc": 0.3977200759974667
  },
  "10": {
    "zero_shot_acc": 0.7608558842039018,
    "finetuned_acc": 0.7747010698552549
  },
  "11": {
    "zero_shot_acc": 0.7791293213828425,
    "finetuned_acc": 0.8745198463508322
  },
  "12": {
    "zero_shot_acc": 0.3968454258675079,
    "finetuned_acc": 0.4630914826498423
  },
  "13": {
    "zero_shot_acc": 0.759748427672956,
    "finetuned_acc": 0.7163522012578616
  },
  "15": {
    "zero_shot_acc": 0.8467384420519316,
    "finetuned_acc": 0.876504116529449
  },
  "14": {
    "zero_shot_acc": 0.6633532140490391,
    "finetuned_acc": 0.9443339960238568
  }
}