{
  "1": {
    "3": {
      "acc": 0.42719692110327134,
      "n_windows": 686,
      "classes": [
        0,
        1,
        2
      ]
    },
    "4": {
      "acc": 0.7697241821680565,
      "n_windows": 922,
      "classes": [
        0,
        1,
        2
      ]
    },
    "5": {
      "acc": 0.4810776138550353,
      "n_windows": 1207,
      "classes": [
        0,
        1,
        2
      ]
    },
    "6": {
      "acc": 0.654265554842848,
      "n_windows": 1333,
      "classes": [
        0,
        1,
        2
      ]
    },
    "8": {
      "acc": 0.7254650416933932,
      "n_windows": 1835,
      "classes": [
        0,
        1,
        2
      ]
    }
  },
  "2": {
    "3": {
      "acc": 0.6747448979591837,
      "n_windows": 667,
      "classes": [
        0,
        1,
        2
      ]
    },
    "4": {
      "acc": 0.5510204081632653,
      "n_windows": 873,
      "classes": [
        0,
        1,
        2
      ]
    },
    "5": {
      "acc": 0.5848214285714286,
      "n_windows": 1131,
      "classes": [
        0,
        1,
        2
      ]
    },
    "6": {
      "acc": 0.548469387755102,
      "n_windows": 1354,
      "classes": [
        0,
        1,
        2
      ]
    },
    "8": {
      "acc": 0.5822704081632653,
      "n_windows": 1826,
      "classes": [
        0,
        1,
        2
      ]
    }
  },
  "3": {
    "3": {
      "acc": 0.710070558050032,
      "n_windows": 706,
      "classes": [
        0,
        1,
        2
      ]
    },
    "4": {
      "acc": 0.8069275176395125,
      "n_windows": 922,
      "classes": [
        0,
        1,
        2
      ]
    },
    "5": {
      "acc": 0.7415009621552278,
      "n_windows": 1149,
      "classes": [
        0,
        1,
        2
      ]
    },
    "6": {
      "acc": 0.790891597177678,
      "n_windows": 1396,
      "classes": [
        0,
        1,
        2
      ]
    },
    "8": {
      "acc": 0.7883258499037845,
      "n_windows": 1835,
      "classes": [
        0,
        1,
        2
      ]
    }
  },
  "4": {
    "3": {
      "acc": 0.852752880921895,
      "n_windows": 684,
      "classes": [
        0,
        1,
        2
      ]
    },
    "4": {
      "acc": 0.9443021766965429,
      "n_windows": 925,
      "classes": [
        0,
        1,
        2
      ]
    },
    "5": {
      "acc": 0.763764404609475,
      "n_windows": 1175,
      "classes": [
        0,
        1,
        2
      ]
    },
    "6": {
      "acc": 0.8866837387964148,
      "n_windows": 1393,
      "classes": [
        0,
        1,
        2
      ]
    },
    "8": {
      "acc": 0.9084507042253521,
      "n_windows": 1832,
      "classes": [
        0,
        1,
        2
      ]
    }
  },
  "5": {
    "3": {
      "acc": 0.5128834355828221,
      "n_windows": 636,
      "classes": [
        0,
        1,
        2
      ]
    },
    "4": {
      "acc": 0.7392638036809815,
      "n_windows": 913,
      "classes": [
        0,
        1,
        2
      ]
    },
    "5": {
      "acc": 0.6533742331288344,
      "n_windows": 1101,
      "classes": [
        0,
        1,
        2
      ]
    },
    "6": {
      "acc": 0.6656441717791411,
      "n_windows": 1344,
      "classes": [
        0,
        1,
        2
      ]
    },
    "8": {
      "acc": 0.6993865030674846,
      "n_windows": 1764,
      "classes": [
        0,
        1,
        2
      ]
    }
  },
  "6": {
    "3": {
      "acc": 0.5391969407265774,
      "n_windows": 687,
      "classes": [
        0,
        1,
        2
      ]
    },
    "4": {
      "acc": 0.6418100701083492,
      "n_windows": 925,
      "classes": [
        0,
        1,
        2
      ]
    },
    "5": {
      "acc": 0.7316762268961122,
      "n_windows": 1119,
      "classes": [
        0,
        1,
        2
      ]
    },
    "6": {
      "acc": 0.7960484384958573,
      "n_windows": 1355,
      "classes": [
        0,
        1,
        2
      ]
    },
    "8": {
      "acc": 0.758444869343531,
      "n_windows": 1825,
      "classes": [
        0,
        1,
        2
      ]
    }
  },
  "7": {
    "3": {
      "acc": 0.6540679051889814,
      "n_windows": 703,
      "classes": [
        0,
        1,
        2
      ]
    },
    "4": {
      "acc": 0.6572709801409353,
      "n_windows": 919,
      "classes": [
        0,
        1,
        2
      ]
    },
    "5": {
      "acc": 0.7136450992953235,
      "n_windows": 1159,
      "classes": [
        0,
        1,
        2
      ]
    },
    "6": {
      "acc": 0.7136450992953235,
      "n_windows": 1390,
      "classes": [
        0,
        1,
        2
      ]
    },
    "8": {
      "acc": 0.7488789237668162,
      "n_windows": 1833,
      "classes": [
        0,
        1,
        2
      ]
    }
  },
  "8": {
    "3": {
      "acc": 0.22506561679790027,
      "n_windows": 710,
      "classes": [
        0,
        1,
        2
      ]
    },
    "4": {
      "acc": 0.37926509186351703,
      "n_windows": 914,
      "classes": [
        0,
        1,
        2
      ]
    },
    "5": {
      "acc": 0.32020997375328086,
      "n_windows": 1157,
      "classes": [
        0,
        1,
        2
      ]
    },
    "6": {
      "acc": 0.3963254593175853,
      "n_windows": 1429,
      "classes": [
        0,
        1,
        2
      ]
    },
    "8": {
      "acc": 0.36286089238845143,
      "n_windows": 1870,
      "classes": [
        0,
        1,
        2
      ]
    }
  },
  "9": {
    "3": {
      "acc": 0.35275490816972765,
      "n_windows": 738,
      "classes": [
        0,
        1,
        2
      ]
    },
    "4": {
      "acc": 0.5351488283723876,
      "n_windows": 944,
      "classes": [
        0,
        1,
        2
      ]
    },
    "5": {
      "acc": 0.37112096263457883,
      "n_windows": 1155,
      "classes": [
        0,
        1,
        2
      ]
    },
    "6": {
      "acc": 0.4306523115896137,
      "n_windows": 1393,
      "classes": [
        0,
        1,
        2
      ]
    },
    "8": {
      "acc": 0.44775174160861303,
      "n_windows": 1815,
      "classes": [
        0,
        1,
        2
      ]
    }
  },
  "10": {
    "3": {
      "acc": 0.7533039647577092,
      "n_windows": 628,
      "classes": [
        0,
        1,
        2
      ]
    },
    "4": {
      "acc": 0.7249842668344871,
      "n_windows": 914,
      "classes": [
        0,
        1,
        2
      ]
    },
    "5": {
      "acc": 0.6847073631214601,
      "n_windows": 1097,
      "classes": [
        0,
        1,
        2
      ]
    },
    "6": {
      "acc": 0.7079924480805538,
      "n_windows": 1387,
      "classes": [
        0,
        1,
        2
      ]
    },
    "8": {
      "acc": 0.7432347388294525,
      "n_windows": 1805,
      "classes": [
        0,
        1,
        2
      ]
    }
  },
  "11": {
    "3": {
      "acc": 0.8930857874519846,
      "n_windows": 704,
      "classes": [
        0,
        1,
        2
      ]
    },
    "4": {
      "acc": 0.8265044814340589,
      "n_windows": 942,
      "classes": [
        0,
        1,
        2
      ]
    },
    "5": {
      "acc": 0.8476312419974392,
      "n_windows": 1158,
      "classes": [
        0,
        1,
        2
      ]
    },
    "6": {
      "acc": 0.7983354673495519,
      "n_windows": 1391,
      "classes": [
        0,
        1,
        2
      ]
    },
    "8": {
      "acc": 0.8335467349551856,
      "n_windows": 1832,
      "classes": [
        0,
        1,
        2
      ]
    }
  },
  "12": {
    "3": {
      "acc": 0.3943217665615142,
      "n_windows": 660,
      "classes": [
        0,
        1,
        2
      ]
    },
    "4": {
      "acc": 0.3495268138801262,
      "n_windows": 947,
      "classes": [
        0,
        1,
        2
      ]
    },
    "5": {
      "acc": 0.4618296529968454,
      "n_windows": 1153,
      "classes": [
        0,
        1,
        2
      ]
    },