{
  "1": {
    "zero_shot_acc": 0.6799230275817832,
    "finetuned_acc": 0.7261064785118666
  },
  "2": {
    "zero_shot_acc": 0.5752551020408163,
    "finetuned_acc": 0.5841836734693877
  },
  "3": {
    "zero_shot_acc": 0.7427838357921744,
    "finetuned_acc": 0.7819114817190507
  },
  "4": {
    "zero_shot_acc": 0.791933418693982,
    "finetuned_acc": 0.9052496798975672
  },
  "5": {
    "zero_shot_acc": 0.6815950920245398,
    "finetuned_acc": 0.6993865030674846
  },
  "6": {
    "zero_shot_acc": 0.6424474187380497,
    "finetuned_acc": 0.769917144678139
  },
  "7": {
    "zero_shot_acc": 0.6572709801409353,
    "finetuned_acc": 0.7514413837283792
  },
  "8": {
    "zero_shot_acc": 0.33070866141732286,
    "finetuned_acc": 0.3569553805774278
  },
  "9": {
    "zero_shot_acc": 0.13552881570614314,
    "finetuned_acc": 0.4312856238125396
  },
  "10": {
    "zero_shot_acc": 0.7275015733165513,
    "finetuned_acc": 0.7413467589679044
  },
  "11": {
    "zero_shot_acc": 0.6126760563380281,
    "finetuned_acc": 0.8373879641485276
  },
  "12": {
    "zero_shot_acc": 0.31545741324921134,
    "finetuned_acc": 0.5892744479495268
  },
  "13": {
    "zero_shot_acc": 0.7031446540880503,
    "finetuned_acc": 0.7031446540880503
  },
  "14": {
    "zero_shot_acc": 0.7713717693836978,
    "finetuned_acc": 0.8455931080185554
  },
  "15": {
    "zero_shot_acc": 0.915136162127929,
    "finetuned_acc": 0.8898036732108929
  }
}