{
  "1": {
    "before": 0.36054913294797686,
    "after": 0.8070809248554913
  },
  "2": {
    "before": 0.3504335260115607,
    "after": 0.5151734104046243
  },
  "3": {
    "before": 0.3865606936416185,
    "after": 0.6755780346820809
  },
  "4": {
    "before": 0.45809248554913296,
    "after": 0.694364161849711
  },
  "5": {
    "before": 0.5014450867052023,
    "after": 0.5664739884393064
  },
  "6": {
    "before": 0.3143063583815029,
    "after": 0.7745664739884393
  },
  "7": {
    "before": 0.398121387283237,
    "after": 0.7203757225433526
  },
  "8": {
    "before": 0.4082369942196532,
    "after": 0.7073699421965318
  },
  "9": {
    "before": 0.45664739884393063,
    "after": 0.690028901734104
  },
  "10": {
    "before": 0.4841040462427746,
    "after": 0.5953757225433526
  },
  "11": {
    "before": 0.6647398843930635,
    "after": 0.7304913294797688
  },
  "12": {
    "before": 0.3591040462427746,
    "after": 0.7145953757225434
  },
  "13": {
    "before": 0.4226878612716763,
    "after": 0.7565028901734104
  },
  "14": {
    "before": 0.5433526011560693,
    "after": 0.7160404624277457
  },
  "15": {
    "before": 0.6054913294797688,
    "after": 0.8865606936416185
  }
}