{
  "1": 0.9609826589595376,
  "2": 0.8215317919075145,
  "3": 0.8236994219653179,
  "4": 0.6539017341040463,
  "5": 0.6495664739884393,
  "6": 0.9761560693641619,
  "7": 0.8648843930635838,
  "8": 0.7911849710982659,
  "9": 0.8439306358381503,
  "10": 0.6372832369942196,
  "11": 0.8526011560693642,
  "12": 0.9848265895953757,
  "13": 0.7760115606936416,
  "14": 0.833092485549133,
  "15": 1.0
}